file	format	pixels	sha256
about-en-dark-1020x772.png	PNG	2040x1544	1445dce7f3409c3a57237a04d66f5e893db4f38ab96e241a303a1a8d6596a251
about-en-light-1020x772.png	PNG	2040x1544	6fcbd580241a54ed0062a35af28c6e08345beec56c6dd0697ce5212026325d02
about-zh-hans-dark-1020x772.png	PNG	2040x1544	0fd6f3d1f8ca464dee93c95801c7a08c3abd28c078badeec47897a09ab45cb0b
about-zh-hans-dark-1606x979.png	PNG	3212x1958	f37b809636ac53e22bc9e45bb9f95a29421bf380f3e653c4a184cd061ddbecfa
about-zh-hans-dark-800x650.png	PNG	1600x1300	c12822ed1d8e3c1034f6fac3c4efb51ec1e3ada7bfa5114b094e9ab32cb7d75a
about-zh-hans-light-1020x772.png	PNG	2040x1544	15f7799cc784cf7b1caeee3735c71044546d37ccd5b0725e34403d793206f14e
about-zh-hans-light-1606x979.png	PNG	3212x1958	dcdfcba1f533bbae104b35ee6ca0d518ac4ebfffbcdd4b96983f01ce53615a85
about-zh-hans-light-800x650.png	PNG	1600x1300	838f93647b0fc9beb280dee9e376011c517eada4eef230eab54022b52ebec307
live-profile-zh-hans-light-1020x772-returned.jpg	JPEG	2040x1544	6386310d0a5506f95692f1f067ca5b92066b85463c224ea16abbfd847f91008d
live-profile-zh-hans-light-1020x772-bottom.jpg	JPEG	2040x1544	1b177df25f1c959f2637148166fe8c23076ff92dc63e57f133539e9b3ad54a81
live-profile-zh-hans-light-1020x772-expanded.jpg	JPEG	2040x1544	8d756b4489d9728ad0311914a8ef15a78871edfe60d715280c20705de458878f
live-profile-zh-hans-light-1020x772.jpg	JPEG	2040x1544	983d8228e689b9b347e3e7fab38cd31e7c5f745a6155667fc58e4cea8c53f3d7
live-settings-zh-hans-light-1020x772-bottom.jpg	JPEG	2040x1544	f8517284ae45a055e38b19ff075fad11a7204d09d7c62bb2b6ed557f6c7f199b
statistics-en-dark-1020x772-expanded.png	PNG	2040x1544	2f91a5a6cd4362901bd469a869a140cb2f951319731ba126f6e5962555910a8c
statistics-en-dark-1020x772.png	PNG	2040x1544	a92a95527002cd95a1ef3df60124b4fa25e33fac9b827339494451aaaf1da029
statistics-en-light-1020x772-expanded.png	PNG	2040x1544	a5d64b80d7d1fff38d37fbc716dc86ccc0be4abc0c8e16c8db435476b1288747
statistics-en-light-1020x772.png	PNG	2040x1544	afd19579c1ea59ce78b2cbeea974f968f1a86b54c613d2020cf90a813e084ecc
statistics-zh-hans-dark-1020x772-expanded.png	PNG	2040x1544	b555441f6d6b8b2dfbb56d3e146e87c7a8a28289ecdcb3e79e4e17fcfaa51661
statistics-zh-hans-dark-1020x772.png	PNG	2040x1544	d1b17a7a0f73ffc37384fddafc8ba01e392fe4cd310e2bb54b4db9c11632f97b
statistics-zh-hans-dark-1606x979.png	PNG	3212x1958	ec897df6098767bf5ad2ae53aaea3e4d77cc7c6e154333f961b6cf596fb547e1
statistics-zh-hans-dark-800x650.png	PNG	1600x1300	b6fa6fafccd1a5d13e502e4753f9fc93ca622135ee75109a9c70e97e1543a6c3
statistics-zh-hans-light-1020x772-expanded.png	PNG	2040x1544	13db3a1f037e9d02df9f7a33d05abda7748706420834f0ad3dca613f9848697b
statistics-zh-hans-light-1020x772.png	PNG	2040x1544	d49e06eacc1ac3f1b029db9933b83ba523e92fac0f8867154aef91fe61534dc6
statistics-zh-hans-light-1606x979.png	PNG	3212x1958	2814358a46ccff6d93556e5ca30b54193c4d322f6f80a2480c7e841bd2213e97
statistics-zh-hans-light-800x650.png	PNG	1600x1300	841cb339b8d6b0a64ab7e3b6101e1c8ae5c45fa8ece2b5fd302e27f771bb3994
